current_name,steamid64,oz_id,c180,c31,c7
doku,76561199205319751,4924,130,20,2
[GN92] Cha1r,76561198984387837,4458,77,6,0
Batman.,76561199044900678,5692,71,4,0
h1ro,76561198307700283,1381,63,21,4
gotaki,76561198039920735,700,59,4,0
Jackaks,76561199516381193,5750,53,7,1
cookie,76561198156148323,5545,51,0,0
Samael,76561198311723891,4025,46,4,0
philip,76561199052447954,5655,46,2,0
Fruit,76561198247826480,3256,45,7,0
Corde,76561198083876212,3771,41,0,0
hex,76561198157513429,4589,34,0,0
lime,76561198367981056,4240,32,6,0
cv_firee,76561198303081758,5618,31,0,0
dril,76561198827805451,2027,30,8,2
robor,76561198084686835,2611,28,1,0
Hank,76561199453377641,5620,26,0,0
qb,76561198412329672,5488,25,8,4
spoyo,76561198895489147,5525,24,2,0
HERTZILLA,76561198116828800,26,23,7,0
maff,76561199106104716,3942,23,4,0
hezzyyy1,76561198291660586,3091,22,9,0
kaldoz,76561198261198393,4893,22,1,0
lazcore,76561198140731013,2825,21,2,0
chad,76561198075991823,92,20,1,0
Matty,76561198035204545,705,19,5,0
catwif,76561198886335531,4831,18,0,0
fany,76561198075294392,3398,18,1,0
-atten,76561198103105711,406,17,5,0
FreeAlan,76561197994194946,3047,17,0,0
Kou,76561198272648735,3008,17,0,0
APVC,76561199090168813,4288,16,11,4
AUZ,76561198206072125,912,16,10,3
Morbus,76561198258717546,3971,16,8,1
Tauiluigi,76561199196553820,5698,16,0,0
altfs,76561198131264287,954,16,3,0
perc30prince,76561198872072250,5716,16,3,0
trev,76561198096472815,1871,16,9,1
Chili,76561198048808386,233,15,4,0
TROLLPOCALYPSE,76561198415391988,3795,15,1,0
Time,76561198062128351,4672,15,0,0
shooter of bad guys,76561198838163169,4962,15,5,1
ALT,76561198073437085,409,14,0,0
MEMORIES,76561198120920913,554,14,11,1
Trash,76561198110764631,3998,14,2,1
ZOHAN,76561199242554153,4588,14,3,0
airflameon,76561198069614351,16,14,0,0
arnoo,76561199066717018,3673,14,4,0
jel,76561198439712695,4070,14,0,0
spoofy,76561199613425500,5641,14,2,0
tj,76561198131181685,4691,14,3,0
zeised,76561198348523295,3638,14,0,0
Mashy,76561198112429993,5835,13,0,0
boner activated,76561198090680468,1033,13,2,0
Aerol1th,76561199478244135,5296,12,7,0
Elmo.,76561197972273857,129,12,0,0
Lizrd-Wizrd,76561198281156018,2515,12,3,0
Oob,76561198977722492,5332,12,0,0
cheeto,76561198238170280,3419,12,7,0
maz,76561198050517054,1653,12,5,0
nonamed lowdiv2 haennrie,76561198329126870,3340,12,0,0
ruka-,76561198802180851,5680,12,12,0
stickman,76561198438053224,3166,12,4,0
sunflower,76561198416282143,3109,12,8,0
Toki,76561198337887896,5120,11,1,1
[GT] Dapper,76561198325655601,5075,11,1,0
hoxy.my,76561198135473413,3480,11,0,0
lew,76561198382489728,5962,11,0,0
saltyyTV certified caster,76561198124055526,3246,11,0,0
akari,76561198068549523,738,10,4,1
alivesinceforever,76561199061575773,5582,10,0,0
kosina,76561198379718122,3254,10,2,0
miles,76561198311080565,3562,10,0,0
schnapps,76561198146554815,5299,10,1,1
silvo,76561198186769550,333,10,1,1
yesod,76561198212866289,4493,10,0,0
yuna,76561198358100512,2425,10,0,0
zamblargo (retard),76561198295713840,2609,10,0,0
Fishy,76561199091438347,5667,9,0,0
brodie escobar,76561198086751156,150,9,5,2
kira,76561198277979851,5368,9,0,0
pooping),76561199433607526,5204,9,0,0
reeee.vol 2,76561198309177510,4558,9,1,0
smallrat,76561198043150281,5112,9,0,0
whylee,76561198448632147,5960,9,2,0
ALL HAIL KING BIG NUTZ 2021,76561198063258664,231,8,0,0
Maestro,76561199530648122,4927,8,0,0
Wungus,76561198137146721,5658,8,0,0
down,76561198084977572,299,8,1,1
ifun KappaChungusDeluxe,76561198030880491,1541,8,2,0
matttt,76561198080199351,155,8,0,0
pavkin,76561199151458742,4959,8,2,0
x32,76561199218481136,4000,8,1,0
DANTE,76561198046483712,3110,7,1,0
KING BIG NUTZ 2021,76561198039913278,3263,7,2,1
LOLoliver,76561199109988283,5244,7,3,3
ayr,76561198026960645,1897,7,3,0
daga,76561198105323129,2175,7,1,0
darkphantom0420@yahoo.com,76561199219873671,4673,7,1,0
juna,76561198513775985,4559,7,1,1
kori,76561198328824242,3303,7,1,0
shadi,76561198073097952,4907,7,1,1
ukk,76561198178372977,3353,7,1,0
zhern,76561198027033926,4202,7,0,0
Dxice,76561198953581256,3415,6,0,0
Houf,76561198448050535,3173,6,1,0
Santaz,76561198348759417,4121,6,0,0
Titan,76561198122729635,1434,6,0,0
bobeh,76561198033351858,5058,6,0,0
dayap,76561198267475132,1275,6,0,0
drive in snooze,76561198370506193,5038,6,0,0
farn,76561198156007049,1272,6,0,0
gigi,76561198061717026,5340,6,0,0
keritz,76561199004134126,3744,6,1,0
nam,76561198270939510,4468,6,0,0
robouki,76561198168265569,5326,6,1,0
rosss3s,76561198326574438,2367,6,3,0
zek,76561198324300584,5308,6,5,2
ღ Jun.,76561198275846469,5524,6,2,0
1O9,76561198212029720,5449,5,1,1
ALL HAIL KING BIG NUTZ 2021,76561197982503303,352,5,2,1
Davé,76561198053740298,5313,5,0,0
FleepFloopBippleBop,76561198158212195,5505,5,0,0
Kitt,76561198211578967,4357,5,2,0
Tenous,76561198143631024,3629,5,2,1
Un4given,76561198147078303,3803,5,0,0
flam,76561198053128310,3123,5,0,0
mimi,76561198128449234,4785,5,1,0
monkeyspanker43,76561198819280984,2815,5,3,2
mvne,76561198976674986,4272,5,0,0
saglim8,76561198811024417,4216,5,0,0
starlight,76561198857084392,4183,5,3,0
verd,76561198120670343,4664,5,0,0
xs lft hl or 6s,76561198397879421,2749,5,1,0
-S1reX,76561198884915762,5146,4,0,0
2345y.,76561198076912448,278,4,0,0
Gale,76561198449852071,3036,4,0,0
Gooseman,76561198011425371,675,4,4,2
KO,76561198325414022,5595,4,0,0
Mr scattergun,76561199141112344,3507,4,0,0
Nati0nal,76561198258747476,1062,4,0,0
Offside,76561198148030229,1626,4,0,0
PED XING,76561198070486186,4796,4,2,0
POPEL,76561198085724299,1763,4,2,0
Rockz,76561198071882999,1750,4,2,0
STiNGHAN🍕,76561198023989090,1642,4,4,0
Ta5K,76561198939558155,3531,4,0,0
Tinkleman,76561198311441628,5858,4,0,0
Unban Rose,76561198339772595,612,4,0,0
Veron,76561198096457803,921,4,0,0
Whitefang2360,76561198351885434,5100,4,1,0
Wispree,76561199809922634,5741,4,0,0
Xi sniper god,76561198216933975,3860,4,2,0
bubsdoge,76561198062850904,3377,4,0,0
conor,76561198101725605,1452,4,0,0
cromag,76561198086280517,5731,4,0,0
hoyehh,76561198131939903,3682,4,1,1
janga7,76561198125511936,326,4,0,0
menex,76561198071933028,2627,4,0,0
rintincan,76561198124772544,2030,4,0,0
takeyon,76561198185399534,900,4,0,0
tez,76561198963311745,5846,4,1,1
wlg ツ,76561198971840184,2516,4,1,0
-TFL,76561198199614885,2579,3,0,0
17,76561198241530712,4583,3,0,0
95,76561198169916882,1804,3,2,0
ALL HAIL KING BIG NUTZ 2021,76561198037965602,489,3,0,0
Aion,76561198101289379,3839,3,1,0
Doctrine,76561199050447792,3084,3,1,0
Doge.exe has stopped working,76561198046852497,29,3,0,0
Gosu,76561198412353895,5276,3,0,0
Hero,76561198333437182,3066,3,0,0
Kiyoshi,76561198136478868,2698,3,1,0
Megu,76561198261853505,1536,3,0,0
Mikke,76561198344047359,4609,3,0,0
MrBliss,76561198083901668,827,3,0,0
Navedh_k1ng,76561198175935671,1964,3,0,0
NoNoéWay,76561198095584192,3644,3,0,0
Pipelin12,76561198318260026,3516,3,0,0
Raelen,76561198081965657,2341,3,0,0
RainnFoxer,76561198973884159,4457,3,0,0
SVBER,76561198047874808,5584,3,0,0
Slicerogue,76561198079978485,2474,3,0,0
T1k.,76561198113239036,1180,3,0,0
TUX,76561198154177645,1952,3,0,0
Taythin,76561198866346130,5149,3,0,0
baghdad,76561198821775083,4923,3,0,0
bugma,76561198105394982,5737,3,1,0
buud..d1ck,76561198096570937,2375,3,0,0
catfish,76561198028763506,96,3,0,0
ceekay,76561198276376906,551,3,0,0
freesheep,76561198055313748,1140,3,0,0
golden,76561198082713023,3806,3,2,0
lillybit_0,76561199112716868,4708,3,0,0
mackeyy,76561198086178920,4164,3,0,0
mayo,76561198332925604,1931,3,0,0
melvin,76561198350625761,5544,3,0,0
mgm,76561198078497266,3220,3,0,0
minaaj,76561198403965385,5235,3,0,0
monolith,76561198157810897,2553,3,1,0
pc,76561198290269128,1234,3,0,0
soIay,76561199829094238,4523,3,0,0
tracker ˄˅ lft,76561198046911616,4325,3,0,0
violet,76561199061074522,3493,3,1,0
wilsonoid,76561198117984855,598,3,0,0
wysm,76561199005591075,5425,3,3,1
ziah,76561198159375596,4395,3,1,1
♥,76561198366888843,2475,3,0,0
♥ lit.fam ♥,76561198130017335,3464,3,0,0
4B,76561198154708043,3494,2,0,0
Apollyon,76561198347418251,4496,2,0,0
Appcap,76561198385624950,5333,2,0,0
Banana,76561198095278714,1548,2,0,0
Benpl,76561198084890757,4863,2,0,0
Broken.,76561198209118916,1593,2,0,0
Content,76561198944781480,4217,2,2,0
Corn,76561198086465847,3984,2,0,0
FREETIMSIMON,76561198376383989,2387,2,1,0
Fossil,76561198113377363,5512,2,0,0
Frager,76561198323411853,3169,2,0,0
JYNACCI,76561198100942212,4021,2,1,0
June,76561199397549660,5805,2,0,0
Liko,76561197994660517,1012,2,0,0
Mercicrux,76561199103168245,5208,2,1,0
Nubbi,76561198140608606,1530,2,0,0
Pauthen,76561198834810229,3237,2,0,0
Rayno ♪,76561198165428665,4005,2,1,0
Ryisuh,76561198885661109,5371,2,0,0
Sarkreez,76561198931708958,3870,2,0,0
Sherlock,76561198447354401,3125,2,0,0
Stamm,76561198041993019,3747,2,2,1
Stübby,76561198131423270,5370,2,0,0
Tanith,76561198104979519,1403,2,0,0
TiRa,76561198090259736,5767,2,1,0
W.,76561198097420050,3337,2,1,0
WinterPizza850,76561199043352840,4369,2,2,0
ZeroS,76561198175202282,3433,2,0,0
a team of ants in their prime,76561198061794470,1561,2,2,0
amnok,76561198066752804,4104,2,1,1
au falcon lover,76561198965333020,4847,2,0,0
benguin,76561198144209930,4974,2,0,0
bluR,76561198060624229,1866,2,0,0
bobb0,76561198060389699,4858,2,0,0
bobby,76561198139522334,3414,2,0,0
branslam,76561198067295068,5832,2,1,0
clynic,76561198016233021,3600,2,1,0
cooki,76561198047591316,86,2,0,0
croppy,76561199388029472,4446,2,0,0
darklord,76561197960957575,2316,2,2,0
dingathy,76561199004835743,5815,2,0,0
eurus,76561199224539158,3842,2,0,0
exXxposed,76561198048691505,327,2,0,0
fatpizza,76561198965919122,2477,2,0,0
feyn,76561198065382839,198,2,0,0
flaK,76561199078847021,5243,2,0,0
froglvvr,76561199422361258,4817,2,0,0
frosted,76561199022395188,5447,2,0,0
haruka,76561199538575752,5581,2,0,0
humble,76561199158854365,5870,2,0,0
juliangonzales2009@yahoo.com,76561199232111143,5292,2,0,0
leo.,76561198342338137,5118,2,0,0
night,76561198109506971,3182,2,0,0
norbit the plug,76561198083712388,2505,2,0,0
odin,76561198798387897,3817,2,0,0
pistol,76561198402562515,2780,2,0,0
psyco,76561198126477668,391,2,1,0
rain,76561198071365493,372,2,1,0
reign,76561198295660337,3238,2,0,0
rill,76561198057133119,1630,2,0,0
rither,76561199467328937,5061,2,2,0
saint,76561198049911751,4375,2,0,0
sao,76561198137286565,216,2,0,0
silent*,76561198134745557,1361,2,0,0
stargazer,76561198208280527,4530,2,0,0
starlink,76561198257076082,2267,2,0,0
strikerrr,76561198066813088,1924,2,1,0
therealweiner,76561198083975056,4569,2,0,0
typo.,76561198397355790,2679,2,2,1
wilson brown,76561198071570164,4805,2,0,0
woozy,76561198442198135,4054,2,0,0
xobile,76561198017283362,2835,2,0,0
yuzu,76561198251074790,3360,2,0,0
zuzo_73,76561197976427916,3187,2,0,0
AJ,76561198061261433,4895,1,1,0
ALo,76561199470255193,5787,1,0,0
ARISSS,76561198398068116,4471,1,0,0
Adrian,76561198374836884,2361,1,0,0
Alpine,76561198096251579,3751,1,0,0
Andyroo,76561198190219918,1550,1,0,0
Bloodfeud,76561198223144960,3218,1,1,0
Brady,76561198122554260,140,1,0,0
C. Taunts,76561198287607616,5963,1,1,0
CEO of Cope,76561198867766385,5057,1,0,0
Charlie,76561198003275802,2112,1,1,0
D0S1K0W,76561198397892856,3167,1,1,0
Destiny,76561197981261350,1496,1,0,0
Dr. Worm,76561198080301085,3261,1,0,0
EVIL GOON,76561198128711847,1669,1,0,0
Evelynn,76561198151590202,1654,1,0,0
FIN,76561198384791097,3972,1,0,0
GUNWR0NG,76561198089589468,2889,1,0,0
Ghosty™,76561198072165695,1736,1,0,0
Glitchy,76561198080270303,5193,1,0,0
GreenShaDow,76561198332240680,3705,1,1,0
HUNGRY.4.EGGS,76561198075931595,1484,1,0,0
Jackathan,76561198315505858,456,1,0,0
JelIojiggler,76561199058981206,5675,1,0,0
JuiceForyou,76561198305359085,2664,1,0,0
Jukesy #For Nicholas,76561199136910514,5189,1,1,0
Kohioo.,76561198253797901,2283,1,0,0
L0RD 8071CU5 0F 80T5W4N4,76561198139444147,1901,1,0,0
Marv,76561198042599456,3012,1,0,0
Meti ♥,76561198096749316,1505,1,0,0
Midside,76561198045732930,2042,1,0,0
Migz,76561198238269314,3714,1,0,0
Mugen,76561198241447874,4917,1,0,0
NEBU!A,76561198431725617,5185,1,0,0
Not Steven,76561198051881261,2507,1,0,0
Owlfy,76561199073919459,4890,1,0,0
PILLS!,76561198315362212,5920,1,1,1
Polar,76561198155913634,5848,1,0,0
Ponz,76561199405832352,5482,1,0,0
Rei,76561198128963129,370,1,0,0
SOOOOOAPYMEiSTER,76561198049378596,3551,1,0,0
Scarlllyyy.,76561198156852158,5586,1,0,0
Sean,76561198002921833,50,1,0,0
Sessal,76561198046513287,460,1,0,0
Shardev,76561198408154036,4257,1,0,0
ShuZ,76561197970805594,4881,1,0,0
Socolin,76561198354095546,4896,1,1,0
Square Bread,76561198155015614,4425,1,0,0
Vodlob,76561199111638862,5380,1,0,0
Winter,76561198111611503,3731,1,1,0
YkjR,76561198825185244,3666,1,1,1
Zeroh,76561198026048882,5153,1,0,0
Zinger Stacker Burger Box,76561198026647567,1416,1,0,0
_YEE,76561198044040744,5238,1,1,0
a Jerry Can,76561199405735306,5638,1,0,0
anna,76561198011579287,477,1,0,0
berdo,76561198152744893,4338,1,0,0
bobo,76561198156622144,4032,1,0,0
bongo johnny2,76561198913361211,2614,1,0,0
boyfri3nd,76561198275007120,1421,1,0,0
cRs.,76561197961484646,5171,1,0,0
camm,76561198323423508,595,1,1,0
chimes,76561198876360694,2244,1,1,0
chongy,76561198016239746,642,1,0,0
cow,76561199013868471,5421,1,0,0
cr.,76561197993508562,3171,1,0,0
crese,76561198194062387,5912,1,0,0
dax.,76561198321885643,3341,1,0,0
deemore,76561198306959841,3387,1,0,0
donna,76561198142660305,2648,1,0,0
doo,76561199088864128,3827,1,0,0
dracomm,76561198163331656,1034,1,0,0
durga,76561199074574744,5186,1,0,0
eeur,76561199019601193,2983,1,0,0
ethaaaaan,76561198132637556,3335,1,0,0
evelyn (beanie fan),76561198107733201,4388,1,0,0
exile,76561198047813960,2606,1,0,0
fam,76561198110654535,4209,1,0,0
h0tSnack,76561198176405094,2585,1,0,0
homer,76561198842869099,3542,1,0,0
jak0b,76561198195519834,4463,1,0,0
jayhyunpae,76561198049461668,2605,1,0,0
jennierubyjane,76561198132062150,679,1,0,0
jiby,76561198317772389,5869,1,0,0
jkc_S,76561199119190911,4952,1,0,0
korra,76561198131231278,4697,1,0,0
lau,76561198045451991,190,1,0,0
lynn2822,76561198110046630,3797,1,0,0
monti,76561198079873281,1286,1,0,0
myyyst,76561198127717925,145,1,1,0
n4ver,76561198056629020,1169,1,0,0
oro,76561198044421445,878,1,1,0
perfection,76561198165249595,883,1,0,0
potmonger377,76561199217407346,4393,1,0,0
quay,76561198063281155,2262,1,0,0
raisin,76561199168887711,4931,1,1,0
ralon,76561198349949683,5600,1,0,0
reero,76561198071785065,2162,1,0,0
remorse,76561198093263253,232,1,0,0
riotbz,76561198065169685,19,1,1,0
sageEU,76561198011988825,1316,1,0,0
silk,76561198073759554,5650,1,0,0
sjalamin,76561198803840548,4615,1,0,0
sle_epy,76561198051083025,3257,1,1,0
snake eater,76561198182862426,4620,1,0,0
sneetlesnackhabinz,76561199201241128,4484,1,0,0
spunchbob3,76561198349542950,1184,1,1,0
sucwubz,76561198345900420,4076,1,0,0
susu,76561198117660949,2089,1,0,0
swag,76561198353624092,5673,1,0,0
teejay,76561198040346178,27,1,0,0
terrybel,76561198055553140,5543,1,0,0
thethingy,76561198179045463,1309,1,0,0
todd,76561198033475102,4857,1,0,0
ubi,76561198098956650,948,1,0,0
var,76561198164892406,3799,1,0,0
wess,76561198067238978,5588,1,0,0
xav,76561198132561543,319,1,0,0
yeetingbaby,76561199011454860,4368,1,0,0
yourstruly,76561198017996650,1077,1,0,0
zias,76561198333000396,2286,1,0,0
ziɢռotioռ,76561198225715416,3251,1,0,0
zulvan,76561198370283133,5875,1,0,0
✨SilvAR✨,76561198355333388,5746,1,1,0
✿ lilbootycall ✿,76561198018793342,1274,1,0,0
❄Pooter❄,76561198272969591,5838,1,0,0
